{
  "train_mae": 7755.912670589875,
  "test_mae": 16634.818859796436,
  "train_r2": 0.977530074259642,
  "test_r2": 0.928110118726673,
  "training_samples": 247,
  "test_samples": 62,
  "features": [
    "ModelYear",
    "CurrentOdometer",
    "CarAge",
    "ConditionNumeric",
    "countrycode_encoded",
    "ProductName_encoded"
  ]
}