{
  "train_mae": 7726.331243930064,
  "test_mae": 16632.331308095192,
  "train_r2": 0.9775878088509642,
  "test_r2": 0.9281125805577076,
  "training_samples": 247,
  "test_samples": 62,
  "features": [
    "ModelYear",
    "CurrentOdometer",
    "CarAge",
    "ConditionNumeric",
    "countrycode_encoded",
    "ProductName_encoded"
  ]
}